fold,MAE,RMSE,Corr,Bias,PI_Coverage,train_size,val_size
1,0.25545217036144224,0.4013888604091062,0.9661339025484764,0.04036678084830139,0.7673257142857143,1700000,350000
2,0.2709527427050439,0.4517240275090127,0.9589064062105782,-0.017311214971068384,0.7445,2050000,350000
3,0.24980930954131997,0.3915370881666047,0.9702787036116589,-0.004114557312544198,0.76942,2400000,350000
4,0.2875118490536066,0.4641924041623468,0.9699622326853892,-0.06570708030351757,0.7329428571428571,2750000,350000
