Segment,Count,MAE,RMSE,SMAPE,Bias,WMAE,ErrorShare%
Very Low (0.1-0.5),9156,0.16719095226835262,0.22802827194401876,39.12952337115701,-0.0015787511714962785,0.21081935034096766,15.550400009882923
Low (0.5-1.0),16219,0.2135215771265794,0.29991292278397474,36.64638344728635,-0.0002310568374843765,0.275838198782881,35.179434343088836
Medium (1.0-2.0),6559,0.37146229015481613,0.5109372748206557,31.939237582178652,0.024604934666156573,0.4608149040582946,24.750009644340786
High (2.0-5.0),2786,0.678465037276638,0.9292226545463185,31.691317897748377,0.000334277491816797,0.8594561121337654,19.20134249532307
Very High (5.0+),280,1.8699660507557296,2.851146274432228,13.92247789459549,-0.6661330003144611,2.7236699763902754,5.318813507364369
